﻿<?xml version="1.0" encoding="utf-8"?>
<root extension=".bin">
	<object>
		<object id="60E5608F">
			<value id="09DBAFC6" type="string">interest_msg_10</value>
			<value id="20C9CDB3" type="string">mission_msg_02</value>
			<value id="26ABF827" type="string">mission_msg_15</value>
			<value id="2E254F68" type="string">interest_msg_05</value>
			<value id="320598A8" type="string">interest_msg_11</value>
			<value id="3B241967" type="string">mission_msg_05</value>
			<value id="3F1C4A9B" type="string">interest_msg_03</value>
			<value id="3FEB8EE4" type="string">gui_txt_248</value>
			<value id="4E052D97" type="string">challenge_msg_01</value>
			<value id="4E07CB4D" type="string">interest_msg_08</value>
			<value id="58AD1459" type="string">challenge_msg_02</value>
			<value id="5A1EDC33" type="string">mission_msg_12</value>
			<value id="5D794875" type="string">mission_msg_09</value>
			<value id="6A6CDDB0" type="string">mission_msg_16</value>
			<value id="706FF00D" type="string">interest_msg_09</value>
			<value id="7432A061" type="string">mission_msg_17</value>
			<value id="7B8B0C49" type="string">mission_msg_08</value>
			<value id="8D9A4AA5" type="string">mission_msg_03</value>
			<value id="94C34956" type="string">gui_txt_249</value>
			<value id="9C4F35BB" type="string">mission_msg_04</value>
			<value id="B2D01B98" type="string">interest_msg_07</value>
			<value id="BE4D759A" type="string">mission_msg_14</value>
			<value id="C145D968" type="string">mission_msg_10</value>
			<value id="CA016857" type="string">mission_msg_11</value>
			<value id="E2F2AE01" type="string">interest_msg_06</value>
			<value id="E5C8A965" type="string">interest_msg_02</value>
			<value id="F7FC79B6" type="string">interest_msg_04</value>
			<value id="FE7015B5" type="string">mission_msg_01</value>
		</object>
		<object id="86FB0231">
			<object id="5E5423BD">
				<value id="02A89FC5" type="float">0.3</value>
				<value id="17F050BF" type="float">1</value>
				<value id="2A6CEDFA" type="float">0.3</value>
				<value id="40D67C73" type="float">0.3</value>
				<value id="62B195DC" type="float">0.5</value>
				<value id="7A239818" type="float">0.5</value>
				<value id="8E00142E" type="float">0.7</value>
				<value id="A90D6C5C" type="int">439</value>
				<value id="B6927788" type="vec">10,10,10</value>
				<value id="BEFDEE55" type="float">0.8</value>
				<value id="D066FA42" type="float">0.5</value>
			</object>
			<object id="FAF4BA07">
				<value id="02A89FC5" type="float">0</value>
				<value id="17F050BF" type="float">2</value>
				<value id="2A6CEDFA" type="float">0</value>
				<value id="40D67C73" type="float">0</value>
				<value id="62B195DC" type="float">2.5</value>
				<value id="7A239818" type="float">6</value>
				<value id="8E00142E" type="float">4</value>
				<value id="A90D6C5C" type="int">-1</value>
				<value id="B6927788" type="vec">20,20,20</value>
				<value id="BEFDEE55" type="float">6</value>
				<value id="D066FA42" type="float">0.05</value>
			</object>
		</object>
		<object id="B9D4DA97">
			<value id="BB3E8934" type="int">809750</value>
			<object id="228C7909">
				<value id="860EAC9B" type="int">0</value>
				<value id="A0F6792B" type="int">0</value>
				<value id="D26E61D6" type="int">0</value>
				<value name="chaos" type="int">0</value>
				<value name="money" type="int">0</value>
			</object>
			<object id="2AFEC29A">
				<value id="860EAC9B" type="int">2</value>
				<value id="A0F6792B" type="int">2</value>
				<value id="D26E61D6" type="int">0</value>
				<value name="chaos" type="int">7500</value>
				<value name="money" type="int">17500</value>
			</object>
			<object id="302AC740">
				<value id="860EAC9B" type="int">0</value>
				<value id="A0F6792B" type="int">0</value>
				<value id="D26E61D6" type="int">0</value>
				<value name="chaos" type="int">0</value>
				<value name="money" type="int">0</value>
			</object>
			<object id="314B5CDE">
				<value id="860EAC9B" type="int">0</value>
				<value id="A0F6792B" type="int">0</value>
				<value id="D26E61D6" type="int">0</value>
				<value name="chaos" type="int">0</value>
				<value name="money" type="int">20000</value>
			</object>
			<object id="42FBDDAC">
				<value id="860EAC9B" type="int">0</value>
				<value id="A0F6792B" type="int">0</value>
				<value id="D26E61D6" type="int">0</value>
				<value name="chaos" type="int">500</value>
				<value name="money" type="int">2500</value>
			</object>
			<object id="5C63149F">
				<object id="263987CA">
					<value id="860EAC9B" type="int">0</value>
					<value id="A0F6792B" type="int">0</value>
					<value id="D26E61D6" type="int">0</value>
					<value name="chaos" type="int">1500</value>
					<value name="money" type="int">5000</value>
				</object>
				<object id="33DECF89">
					<value id="860EAC9B" type="int">0</value>
					<value id="A0F6792B" type="int">0</value>
					<value id="D26E61D6" type="int">0</value>
					<value name="chaos" type="int">500</value>
					<value name="money" type="int">2500</value>
				</object>
				<object id="A8D43BC6">
					<value id="860EAC9B" type="int">0</value>
					<value id="A0F6792B" type="int">0</value>
					<value id="D26E61D6" type="int">0</value>
					<value name="chaos" type="int">3000</value>
					<value name="money" type="int">7500</value>
				</object>
			</object>
			<object id="635C0BE3">
				<value id="860EAC9B" type="int">0</value>
				<value id="A0F6792B" type="int">0</value>
				<value id="D26E61D6" type="int">0</value>
				<value name="chaos" type="int">0</value>
				<value name="money" type="int">0</value>
			</object>
			<object id="64BA6B86">
				<value id="860EAC9B" type="int">0</value>
				<value id="A0F6792B" type="int">0</value>
				<value id="D26E61D6" type="int">0</value>
				<value name="chaos" type="int">0</value>
				<value name="money" type="int">0</value>
			</object>
			<object id="6DD0BC7C">
				<value id="860EAC9B" type="int">0</value>
				<value id="A0F6792B" type="int">0</value>
				<value id="D26E61D6" type="int">0</value>
				<value name="chaos" type="int">0</value>
				<value name="money" type="int">0</value>
			</object>
			<object id="777B9C98">
				<value id="860EAC9B" type="int">0</value>
				<value id="A0F6792B" type="int">0</value>
				<value id="D26E61D6" type="int">0</value>
				<value name="chaos" type="int">0</value>
				<value name="money" type="int">0</value>
			</object>
			<object id="93891035">
				<value id="860EAC9B" type="int">0</value>
				<value id="A0F6792B" type="int">0</value>
				<value id="D26E61D6" type="int">0</value>
				<value name="chaos" type="int">500</value>
				<value name="money" type="int">2500</value>
			</object>
			<object id="CDB1D09B">
				<value id="860EAC9B" type="int">3</value>
				<value id="A0F6792B" type="int">3</value>
				<value id="D26E61D6" type="int">0</value>
				<value name="chaos" type="int">10000</value>
				<value name="money" type="int">20000</value>
			</object>
			<object id="DB28AB16">
				<value id="860EAC9B" type="int">0</value>
				<value id="A0F6792B" type="int">0</value>
				<value id="D26E61D6" type="int">0</value>
				<value name="chaos" type="int">0</value>
				<value name="money" type="int">0</value>
			</object>
			<object id="E5B4E435">
				<value id="860EAC9B" type="int">1</value>
				<value id="A0F6792B" type="int">1</value>
				<value id="D26E61D6" type="int">0</value>
				<value name="chaos" type="int">5000</value>
				<value name="money" type="int">10000</value>
			</object>
			<object id="EB00E73C">
				<value id="860EAC9B" type="int">1</value>
				<value id="A0F6792B" type="int">1</value>
				<value id="D26E61D6" type="int">0</value>
				<value name="chaos" type="int">7500</value>
				<value name="money" type="int">17500</value>
			</object>
			<object id="F09A1EBB">
				<value id="860EAC9B" type="int">0</value>
				<value id="A0F6792B" type="int">0</value>
				<value id="D26E61D6" type="int">0</value>
				<value name="chaos" type="int">0</value>
				<value name="money" type="int">0</value>
			</object>
			<object id="F0F41244">
				<value id="860EAC9B" type="int">0</value>
				<value id="A0F6792B" type="int">0</value>
				<value id="D26E61D6" type="int">0</value>
				<value name="chaos" type="int">500</value>
				<value name="money" type="int">2500</value>
			</object>
			<object id="F435BBA7">
				<value id="860EAC9B" type="int">0</value>
				<value id="A0F6792B" type="int">0</value>
				<value id="D26E61D6" type="int">0</value>
				<value name="chaos" type="int">0</value>
				<value name="money" type="int">0</value>
			</object>
			<object name="chaos">
				<value id="210A6BAD" type="int">0</value>
				<value id="65EB3A68" type="int">0</value>
				<value id="860EAC9B" type="int">0</value>
				<value id="A0F6792B" type="int">0</value>
				<value id="AE6B36E5" type="int">0</value>
				<value id="D26E61D6" type="int">0</value>
			</object>
		</object>
	</object>
</root>